{"cameraMode":{"drawMode":0,"name":"Shaded","section":"Shading Mode"},"sceneLighting":false,"audioPlay":false,"sceneViewState":{"showFog":true,"showMaterialUpdate":false,"showSkybox":false,"showFlares":true,"showImageEffects":true,"showParticleSystems":true},"in2DMode":false,"pivot":{"x":13.14538860321045,"y":0.9028542637825012,"z":14.900520324707032},"rotation":{"x":-0.16004233062267304,"y":0.7345145344734192,"z":-0.18439802527427674,"w":-0.6333339810371399},"size":20.47521209716797,"orthographic":false}