{"cameraMode":{"drawMode":0,"name":"Shaded","section":"Shading Mode"},"sceneLighting":false,"audioPlay":false,"sceneViewState":{"showFog":true,"showMaterialUpdate":false,"showSkybox":false,"showFlares":true,"showImageEffects":true,"showParticleSystems":true},"in2DMode":false,"pivot":{"x":0.45165252685546877,"y":0.29696452617645266,"z":-2.152921199798584},"rotation":{"x":-0.027074754238128663,"y":0.9701618552207947,"z":-0.1291162073612213,"w":-0.20343716442584992},"size":3.7881686687469484,"orthographic":false}