{"cameraMode":{"drawMode":0,"name":"Shaded","section":"Shading Mode"},"sceneLighting":false,"audioPlay":false,"sceneViewState":{"showFog":true,"showMaterialUpdate":false,"showSkybox":false,"showFlares":true,"showImageEffects":true,"showParticleSystems":true},"in2DMode":false,"pivot":{"x":-2.488870143890381,"y":1.5042976140975953,"z":0.13571470975875855},"rotation":{"x":-0.13202068209648133,"y":0.0635228380560875,"z":-0.007906203158199788,"w":-0.9893193244934082},"size":2.3541924953460695,"orthographic":false}