{"cameraMode":{"drawMode":0,"name":"Shaded","section":"Shading Mode"},"sceneLighting":false,"audioPlay":false,"sceneViewState":{"showFog":true,"showMaterialUpdate":false,"showSkybox":false,"showFlares":true,"showImageEffects":true,"showParticleSystems":true},"in2DMode":false,"pivot":{"x":-13.295469284057618,"y":1.0797419548034669,"z":-4.718249320983887},"rotation":{"x":0.10626761615276337,"y":-0.83968585729599,"z":0.17775307595729829,"w":0.5027247667312622},"size":1.2187278270721436,"orthographic":false}