{"cameraMode":{"drawMode":0,"name":"Shaded","section":"Shading Mode"},"sceneLighting":false,"audioPlay":false,"sceneViewState":{"showFog":true,"showMaterialUpdate":false,"showSkybox":false,"showFlares":true,"showImageEffects":true,"showParticleSystems":true},"in2DMode":false,"pivot":{"x":12.934264183044434,"y":0.7305060029029846,"z":14.798420906066895},"rotation":{"x":-0.10348816215991974,"y":0.6693306565284729,"z":-0.09382280707359314,"w":-0.7298787832260132},"size":20.68587303161621,"orthographic":false}