{"cameraMode":{"drawMode":0,"name":"Shaded","section":"Shading Mode"},"sceneLighting":false,"audioPlay":false,"sceneViewState":{"showFog":true,"showMaterialUpdate":false,"showSkybox":false,"showFlares":true,"showImageEffects":true,"showParticleSystems":true},"in2DMode":false,"pivot":{"x":-11.412644386291504,"y":1.3561501502990723,"z":9.254029273986817},"rotation":{"x":0.12125878781080246,"y":-0.609746515750885,"z":0.0948861613869667,"w":0.7779211401939392},"size":0.6073950529098511,"orthographic":false}