{"cameraMode":{"drawMode":0,"name":"Shaded","section":"Shading Mode"},"sceneLighting":false,"audioPlay":false,"sceneViewState":{"showFog":true,"showMaterialUpdate":false,"showSkybox":false,"showFlares":true,"showImageEffects":true,"showParticleSystems":true},"in2DMode":false,"pivot":{"x":-0.07563995569944382,"y":1.6302070617675782,"z":0.08121462911367417},"rotation":{"x":-0.12359083443880081,"y":-0.8766515254974365,"z":0.3375200629234314,"w":-0.3208770453929901},"size":0.0012359619140625,"orthographic":false}