{"cameraMode":{"drawMode":0,"name":"Shaded","section":"Shading Mode"},"sceneLighting":false,"audioPlay":false,"sceneViewState":{"showFog":true,"showMaterialUpdate":false,"showSkybox":false,"showFlares":true,"showImageEffects":true,"showParticleSystems":true},"in2DMode":false,"pivot":{"x":-0.17877614498138429,"y":0.43095964193344118,"z":0.20594298839569093},"rotation":{"x":-0.1503981351852417,"y":-0.3447772264480591,"z":0.054325416684150699,"w":-0.9253517389297485},"size":1.299255132675171,"orthographic":false}