{"cameraMode":{"drawMode":0,"name":"Shaded","section":"Shading Mode"},"sceneLighting":false,"audioPlay":false,"sceneViewState":{"showFog":true,"showMaterialUpdate":false,"showSkybox":false,"showFlares":true,"showImageEffects":true,"showParticleSystems":true},"in2DMode":false,"pivot":{"x":0.19387876987457276,"y":0.03285977244377136,"z":-0.36470550298690798},"rotation":{"x":-0.06221189349889755,"y":0.9183709025382996,"z":-0.16030243039131165,"w":-0.3564123213291168},"size":1.2599225044250489,"orthographic":false}