{"cameraMode":{"drawMode":0,"name":"Shaded","section":"Shading Mode"},"sceneLighting":false,"audioPlay":false,"sceneViewState":{"showFog":true,"showMaterialUpdate":false,"showSkybox":false,"showFlares":true,"showImageEffects":true,"showParticleSystems":true},"in2DMode":false,"pivot":{"x":0.0015228986740112305,"y":-0.18190233409404756,"z":0.21633277833461762},"rotation":{"x":-0.037423811852931979,"y":-0.04640486463904381,"z":-0.0018614016007632018,"w":0.9985467195510864},"size":0.8652963638305664,"orthographic":false}