{"cameraMode":{"drawMode":0,"name":"Shaded","section":"Shading Mode"},"sceneLighting":true,"audioPlay":false,"sceneViewState":{"showFog":true,"showMaterialUpdate":false,"showSkybox":false,"showFlares":true,"showImageEffects":true,"showParticleSystems":true},"in2DMode":false,"pivot":{"x":-12.346324920654297,"y":3.585160255432129,"z":-3.516733169555664},"rotation":{"x":-0.3180457055568695,"y":0.10246690362691879,"z":-0.034734953194856647,"w":-0.9422919750213623},"size":8.160869598388672,"orthographic":false}