{"cameraMode":{"drawMode":0,"name":"Shaded","section":"Shading Mode"},"sceneLighting":false,"audioPlay":false,"sceneViewState":{"showFog":true,"showMaterialUpdate":false,"showSkybox":false,"showFlares":true,"showImageEffects":true,"showParticleSystems":true},"in2DMode":false,"pivot":{"x":0.0033082738518714906,"y":1.5789740085601807,"z":0.13254502415657044},"rotation":{"x":-0.14457514882087708,"y":0.08238983154296875,"z":-0.011936749331653118,"w":-0.9863084554672241},"size":0.08860684931278229,"orthographic":false}