{"cameraMode":{"drawMode":0,"name":"Shaded","section":"Shading Mode"},"sceneLighting":false,"audioPlay":false,"sceneViewState":{"showFog":true,"showMaterialUpdate":false,"showSkybox":false,"showFlares":true,"showImageEffects":true,"showParticleSystems":true},"in2DMode":false,"pivot":{"x":50.190162658691409,"y":52.426631927490237,"z":186.458984375},"rotation":{"x":0.16863396763801576,"y":-0.6545136570930481,"z":0.1528523862361908,"w":0.7214328646659851},"size":64.860107421875,"orthographic":false}