{"cameraMode":{"drawMode":0,"name":"Shaded","section":"Shading Mode"},"sceneLighting":false,"audioPlay":false,"sceneViewState":{"showFog":true,"showMaterialUpdate":false,"showSkybox":false,"showFlares":true,"showImageEffects":true,"showParticleSystems":true},"in2DMode":false,"pivot":{"x":0.0002930760383605957,"y":0.0,"z":6.100162863731384e-7},"rotation":{"x":0.15697969496250153,"y":-0.76273113489151,"z":0.2015266865491867,"w":0.5941528081893921},"size":0.4071153700351715,"orthographic":false}