{"cameraMode":{"drawMode":0,"name":"Shaded","section":"Shading Mode"},"sceneLighting":false,"audioPlay":false,"sceneViewState":{"showFog":true,"showMaterialUpdate":false,"showSkybox":false,"showFlares":true,"showImageEffects":true,"showParticleSystems":true},"in2DMode":false,"pivot":{"x":-0.17520081996917725,"y":0.02674880623817444,"z":0.0017557144165039063},"rotation":{"x":0.0743718147277832,"y":-0.9264556169509888,"z":0.25681450963020327,"w":0.26537007093429568},"size":1.0617884397506714,"orthographic":false}