{"cameraMode":{"drawMode":0,"name":"Shaded","section":"Shading Mode"},"sceneLighting":false,"audioPlay":false,"sceneViewState":{"showFog":true,"showMaterialUpdate":false,"showSkybox":false,"showFlares":true,"showImageEffects":true,"showParticleSystems":true},"in2DMode":false,"pivot":{"x":0.16297723352909089,"y":0.7641375064849854,"z":-0.6854132413864136},"rotation":{"x":0.0023296030703932049,"y":0.9920214414596558,"z":-0.1271994411945343,"w":0.013783879578113556},"size":2.7520298957824709,"orthographic":false}