{"cameraMode":{"drawMode":0,"name":"Shaded","section":"Shading Mode"},"sceneLighting":false,"audioPlay":false,"sceneViewState":{"showFog":true,"showMaterialUpdate":false,"showSkybox":false,"showFlares":true,"showImageEffects":true,"showParticleSystems":true},"in2DMode":false,"pivot":{"x":40.329898834228519,"y":1.8243874311447144,"z":-16.820003509521486},"rotation":{"x":0.09520959854125977,"y":-0.7556654214859009,"z":0.11336974054574967,"w":0.6386220455169678},"size":6.549786567687988,"orthographic":false}