{"cameraMode":{"drawMode":0,"name":"Shaded","section":"Shading Mode"},"sceneLighting":false,"audioPlay":false,"sceneViewState":{"showFog":true,"showMaterialUpdate":false,"showSkybox":false,"showFlares":true,"showImageEffects":true,"showParticleSystems":true},"in2DMode":false,"pivot":{"x":10.098589897155762,"y":0.9834297895431519,"z":-10.350000381469727},"rotation":{"x":0.18747735023498536,"y":-0.6788172721862793,"z":0.18448664247989655,"w":0.6857465505599976},"size":15.20956802368164,"orthographic":false}